<?xml version="1.0" encoding="UTF-8"?>
<!-- This is a comment -->
<workflow-app xmlns="uri:oozie:workflow:0.4" name="first_Workflow">
  <start to="branch_allData"/>
 
  <action name="branch_allData">
  <sqoop xmlns="uri:oozie:sqoop-action:0.4">
    <job-tracker>${jobTracker}</job-tracker>
    <name-node>${nameNode}</name-node>
    <!--Delete CDW_SAPP_BRANCH directory before running the sqoop job, this directry will be created again during the execution of the sqoop job --> 
    <prepare>
      <delete path="${sqoopData}/CDW_SAPP_BRANCH"/>
        </prepare>
         <configuration>
      <property>
         <name>mapred.job.queue.name</name>
         <value>${queueName}</value>
      </property>
    </configuration>
         <!-- Get data from mysql using sqoop job and store data in /user/Credit_Card_System/CDW_SAPP_BRANCH directory -->
    <command>${sqoop_job} branch_allData</command>
  </sqoop>
  <ok to="CDW_SAPP_D_BRANCH_EXT" />
  <error to="kill_job" />
 </action>

<!-- Create an external table in hive-->
 <action name="CDW_SAPP_D_BRANCH_EXT">
  <hive xmlns="uri:oozie:hive-action:0.4">
    <job-tracker>${jobTracker}</job-tracker>
    <name-node>${nameNode}</name-node>
    <script>${hiveScripts}/CDW_SAPP_D_BRANCH_EXT.HIVE</script>
  </hive>
  <ok to="CDW_SAPP_D_BRANCH" />
  <error to="kill_job" />
 </action>

<!-- Create an internal table CDW_SAPP_D_BRANCH in hive and load data using the external table CDW_SAPP_D_BRANCH_EXT -->
 <action name="CDW_SAPP_D_BRANCH">
  <hive xmlns="uri:oozie:hive-action:0.4">
    <job-tracker>${jobTracker}</job-tracker>
    <name-node>${nameNode}</name-node>
    <script>${hiveScripts}/CDW_SAPP_D_BRANCH.HIVE</script>
  </hive>
  <ok to="end" />
  <error to="kill_job" />
 </action>

 <kill name="kill_job">
  <message>Job failed</message>
 </kill>
 <end name="end" />
</workflow-app>