<?xml version="1.0" encoding="UTF-8"?>
<!-- This is a comment -->
<workflow-app xmlns="uri:oozie:workflow:0.4" name="Optimization_Workflow">
  <start to="branch_newData"/>
 
 <action name="branch_newData">
  <sqoop xmlns="uri:oozie:sqoop-action:0.4">
    <job-tracker>${jobTracker}</job-tracker>
    <name-node>${nameNode}</name-node>
    <configuration>
      <property>
         <name>mapred.job.queue.name</name>
         <value>${queueName}</value>
      </property>
    </configuration>
    <!-- Get data from mysql using sqoop job and store data in /user/Credit_Card_System/CDW_SAPP_BRANCH directory  -->
    <command>${sqoop_job} branch_newData </command>
    <archive>/user/oozie/share/lib/lib_20161025075203/sqoop/java-json.jar#java-json.jar</archive>
  </sqoop>
  <ok to="customer_newData" />
  <error to="kill_job" />
 </action>

   <action name="customer_newData">
    <sqoop xmlns="uri:oozie:sqoop-action:0.4">
      <job-tracker>${jobTracker}</job-tracker>
      <name-node>${nameNode}</name-node>
      <configuration>
        <property>
           <name>mapred.job.queue.name</name>
           <value>${queueName}</value>
        </property>
      </configuration>
      <!-- Get data from mysql using sqoop job and store data in 
          /user/Credit_Card_System/CDW_SAPP_CUSTOMER directory -->
      <command>${sqoop_job} customer_newData</command>
      <archive>/user/oozie/share/lib/lib_20161025075203/sqoop/java-json.jar#java-json.jar</archive>
    </sqoop>
    <ok to="creditcard_newData" />
    <error to="kill_job" />
   </action>

   <action name="creditcard_newData">
    <sqoop xmlns="uri:oozie:sqoop-action:0.4">
      <job-tracker>${jobTracker}</job-tracker>
      <name-node>${nameNode}</name-node>
      <configuration>
        <property>
           <name>mapred.job.queue.name</name>
           <value>${queueName}</value>
        </property>
      </configuration>
      <!-- Get data from mysql using sqoop job and store data in 
          /user/Credit_Card_System/CDW_SAPP_CREDITCARD/  directory -->
      <command>${sqoop_job} creditcard_newData</command>
      <archive>/user/oozie/share/lib/lib_20161025075203/sqoop/java-json.jar#java-json.jar</archive>
    </sqoop>
    <ok to="timetable_newData" />
    <error to="kill_job" />
   </action>
  
   <action name="timetable_newData">
    <sqoop xmlns="uri:oozie:sqoop-action:0.4">
      <job-tracker>${jobTracker}</job-tracker>
      <name-node>${nameNode}</name-node>
      <configuration>
        <property>
           <name>mapred.job.queue.name</name>
           <value>${queueName}</value>
        </property>
      </configuration>
      <!-- Get data from mysql using sqoop job and store data in 
          /user/Credit_Card_System/CDW_SAPP_TIME/  directory -->
      <command>${sqoop_job} timetable_newData</command>
      <archive>/user/oozie/share/lib/lib_20161025075203/sqoop/java-json.jar#java-json.jar</archive>
    </sqoop>
    <ok to="CDW_SAPP_D_BRANCH_OPT" />
    <error to="kill_job" />
   </action>


    <!-- Create an external table CDW_SAPP_D_BRANCH_EXT in hive
 		Create an internal table CDW_SAPP_D_BRANCH in hive and load data using 
        the external table CDW_SAPP_D_BRANCH_EXT  -->
    <action name="CDW_SAPP_D_BRANCH_OPT">
      <hive xmlns="uri:oozie:hive-action:0.4">
        <job-tracker>${jobTracker}</job-tracker>
        <name-node>${nameNode}</name-node>
        <script>${hiveScripts}/CDW_SAPP_D_BRANCH_OPT.HIVE</script>
      </hive>
      <ok to="CDW_SAPP_D_CUSTOMER_OPT" />
      <error to="kill_job" />
    </action>


    <!-- Create an external table CDW_SAPP_D_CUSTOMER_EXT in hive
 		Create an internal table CDW_SAPP_D_CUSTOMER in hive and load data using 
        the external table CDW_SAPP_D_CUSTOMER_EXT  -->
    <action name="CDW_SAPP_D_CUSTOMER_OPT">
      <hive xmlns="uri:oozie:hive-action:0.4">
        <job-tracker>${jobTracker}</job-tracker>
        <name-node>${nameNode}</name-node>
        <script>${hiveScripts}/CDW_SAPP_D_CUSTOMER_OPT.HIVE</script>
      </hive>
      <ok to="CDW_SAPP_F_CREDIT_CARD_OPT" />
      <error to="kill_job" />
    </action>


    <!-- Create an external table CDW_SAPP_F_CREDIT_CARD_EXT in hive
  		Create an internal table CDW_SAPP_F_CREDIT_CARD in hive and load data using 
        the external table CDW_SAPP_F_CREDIT_CARD_EXT  -->
    <action name="CDW_SAPP_F_CREDIT_CARD_OPT">
      <hive xmlns="uri:oozie:hive-action:0.4">
        <job-tracker>${jobTracker}</job-tracker>
        <name-node>${nameNode}</name-node>
        <script>${hiveScripts}/CDW_SAPP_F_CREDIT_CARD_OPT.HIVE</script>
      </hive>
      <ok to="CDW_SAPP_D_TIME_OPT" />
      <error to="kill_job" />
    </action>


    <!-- Create an external table CDW_SAPP_D_TIME_EXT in hive
		Create an internal table CDW_SAPP_D_TIME in hive and load data using 
        the external table CDW_SAPP_D_TIME_EXT -->
    <action name="CDW_SAPP_D_TIME_OPT">
      <hive xmlns="uri:oozie:hive-action:0.4">
        <job-tracker>${jobTracker}</job-tracker>
        <name-node>${nameNode}</name-node>
        <script>${hiveScripts}/CDW_SAPP_D_TIME_OPT.HIVE</script>
      </hive>
      <ok to="end" />
      <error to="kill_job" />
    </action>

 <kill name="kill_job">
  <message>Job failed</message>
 </kill>
 <end name="end" />
</workflow-app>